Model,Accuracy,Sensitivity,Specificity,F1-score,AUC-ROC,TP,FP,FN,TN,Change vs Baseline
Baseline,0.8984951313071703,0.860246533127889,0.9222381635581062,0.8665218066118268,0.96256041925959,5583,813,907,9642,0.0
SPO2_Broken,0.6874251497005988,0.07488986784140969,0.9161184210526315,0.1152542372881356,0.5,17,51,210,557,-21.11
Improved,1.0,1.0,1.0,1.0,1.0,11,0,0,39,10.15
